{"cameraMode":{"drawMode":0,"name":"Shaded","section":"Shading Mode"},"sceneLighting":true,"audioPlay":false,"sceneViewState":{"m_AlwaysRefresh":false,"showFog":true,"showSkybox":true,"showFlares":true,"showImageEffects":true,"showParticleSystems":true,"showVisualEffectGraphs":true,"m_FxEnabled":true},"in2DMode":false,"pivot":{"x":-2.203981637954712,"y":-0.6173743009567261,"z":0.01443016529083252},"rotation":{"x":-0.3185782730579376,"y":-0.020759331062436105,"z":0.006978862453252077,"w":-0.9476441144943237},"size":4.152487277984619,"orthographic":false}